1,Rebekkah,Lashmore,rlashmore0@rambler.ru,Male,140.220.218.69
2,Chiquia,Konmann,ckonmann1@auda.org.au,Male,54.83.30.17
3,Gloria,Bascomb,gbascomb2@ebay.co.uk,Male,67.210.132.201
5,Nikolaus,Elington,nelington4@reference.com,Male,120.202.43.84
9,Perle,Silmon,psilmon8@arstechnica.com,Male,88.40.243.192
10,Ulrica,Kane,ukane9@topsy.com,Male,230.136.51.153
12,Olivette,Hender,ohenderb@elegantthemes.com,Male,136.134.69.111
13,Sallyanne,Brandi,sbrandic@alibaba.com,Male,231.46.218.58
14,Karim,Geerdts,kgeerdtsd@oaic.gov.au,Male,197.58.18.33
15,Bekki,Box,bboxe@istockphoto.com,Male,100.30.61.219
18,Brod,Lattie,blattieh@hibu.com,Male,193.218.145.204
20,Fredia,Gostall,fgostallj@hostgator.com,Male,230.186.235.18
22,Johnnie,Shier,jshierl@amazon.co.jp,Male,17.224.59.156
24,Dee,Corrado,dcorradon@bing.com,Male,59.138.238.50
26,Rriocard,Pledger,rpledgerp@ask.com,Male,154.198.234.59
29,Matti,MacClay,mmacclays@linkedin.com,Male,199.156.221.87
30,Bren,Solman,bsolmant@privacy.gov.au,Male,47.120.166.73
31,Annmaria,Frain,afrainu@free.fr,Male,159.77.107.65
33,Leontyne,Dykas,ldykasw@skyrock.com,Male,55.18.219.170
35,Krissie,Cote,kcotey@hubpages.com,Male,215.168.188.194
36,Missy,Andrzejewski,mandrzejewskiz@mit.edu,Male,142.200.47.213
39,Cristie,Clousley,cclousley12@scribd.com,Male,134.243.39.152
40,Lauritz,Holde,lholde13@imdb.com,Male,242.124.57.167
41,Cheston,Paulillo,cpaulillo14@google.pl,Male,123.23.80.145
44,Erma,Lanfranconi,elanfranconi17@printfriendly.com,Male,121.56.204.97
46,Lancelot,MacCaig,lmaccaig19@w3.org,Male,218.97.183.102
48,Idaline,Zink,izink1b@rakuten.co.jp,Male,238.105.117.226
52,Gannie,Strutton,gstrutton1f@canalblog.com,Male,122.123.44.122
56,Sam,Rivlin,srivlin1j@issuu.com,Male,29.28.9.176
57,Torey,Botfield,tbotfield1k@cpanel.net,Male,25.131.253.74
58,Archambault,Trevaskis,atrevaskis1l@jugem.jp,Male,1.244.86.84
60,Marlow,Guidi,mguidi1n@blogtalkradio.com,Male,168.177.39.220
61,Sarah,Mothersdale,smothersdale1o@jimdo.com,Male,66.229.36.24
62,Jackquelin,Brame,jbrame1p@toplist.cz,Male,255.38.221.188
63,Falkner,Wyman,fwyman1q@multiply.com,Male,35.98.107.218
65,Ninnetta,Pears,npears1s@i2i.jp,Male,108.144.33.212
67,Nate,Tweedlie,ntweedlie1u@topsy.com,Male,186.243.35.226
68,Dulcy,Nightingale,dnightingale1v@tripadvisor.com,Male,220.5.239.195
71,Vinny,Phoenix,vphoenix1y@sun.com,Male,173.66.159.11
74,Ax,Jedrysik,ajedrysik21@biglobe.ne.jp,Male,203.119.251.125
75,Saraann,Craxford,scraxford22@phpbb.com,Male,185.20.4.107
76,Wood,Wasling,wwasling23@friendfeed.com,Male,198.55.38.193
77,Eduardo,Robelet,erobelet24@ucoz.com,Male,64.22.9.75
80,Benedict,Worviell,bworviell27@umn.edu,Male,210.90.69.188
83,Cathe,Barge,cbarge2a@comcast.net,Male,233.115.126.13
86,Dannye,Rennock,drennock2d@fotki.com,Male,53.137.151.111
88,Selle,Morphet,smorphet2f@webeden.co.uk,Male,99.146.79.172
93,Henriette,Randell,hrandell2k@illinois.edu,Male,200.15.188.109
94,Keir,Rontree,krontree2l@shareasale.com,Male,137.48.104.247
95,Ealasaid,Joinson,ejoinson2m@wufoo.com,Male,188.16.173.181
96,Marco,Larrie,mlarrie2n@howstuffworks.com,Male,15.150.126.104
99,Meade,Hazeldine,mhazeldine2q@marriott.com,Male,15.235.94.222
101,Ashlee,Wadeling,awadeling2s@biglobe.ne.jp,Male,30.179.136.147
104,Hurley,Jordin,hjordin2v@vimeo.com,Male,74.42.207.122
106,Moises,Sunnex,msunnex2x@disqus.com,Male,226.91.29.96
108,Warden,Pledger,wpledger2z@ucoz.ru,Male,49.183.83.172
109,Lizabeth,Ovell,lovell30@posterous.com,Male,253.181.20.129
111,Kenneth,Adshad,kadshad32@yelp.com,Male,211.121.35.188
113,Josy,Firpo,jfirpo34@utexas.edu,Male,225.97.221.159
116,Cordelia,Jonah,cjonah37@cbslocal.com,Male,248.68.231.229
117,Burke,Baugh,bbaugh38@unicef.org,Male,174.118.77.4
119,Ilysa,Redington,iredington3a@artisteer.com,Male,116.94.12.14
123,Clo,Dy,cdy3e@ted.com,Male,210.13.251.4
126,Karita,Riley,kriley3h@goo.gl,Male,34.152.85.53
129,Guillema,Hablot,ghablot3k@cmu.edu,Male,159.68.37.43
130,Ira,Heddy,iheddy3l@harvard.edu,Male,71.38.125.163
132,Hurlee,Bream,hbream3n@wired.com,Male,71.132.31.9
133,Kial,MacGebenay,kmacgebenay3o@jigsy.com,Male,175.28.54.5
134,Phillie,Hebditch,phebditch3p@mozilla.com,Male,9.177.236.48
135,Mabel,Bosanko,mbosanko3q@yellowbook.com,Male,54.133.196.82
137,Ike,Blacket,iblacket3s@amazon.co.uk,Male,135.139.87.185
139,Sheelah,Songhurst,ssonghurst3u@sakura.ne.jp,Male,211.213.250.202
140,Veronique,Ledwith,vledwith3v@blogtalkradio.com,Male,36.12.53.208
143,Bail,Cobbald,bcobbald3y@nifty.com,Male,175.230.9.122
146,Arman,Maffy,amaffy41@youtube.com,Male,197.150.85.234
147,Lauri,Deaville,ldeaville42@flickr.com,Male,112.151.99.235
148,Pierrette,Markie,pmarkie43@zdnet.com,Male,200.64.186.7
149,Linn,Warr,lwarr44@amazon.co.jp,Male,109.225.95.54
150,Georgy,Haslin,ghaslin45@mac.com,Male,19.110.254.26
152,Peri,Matyasik,pmatyasik47@ucoz.ru,Male,254.21.177.124
155,Elsbeth,Cranstone,ecranstone4a@godaddy.com,Male,237.3.18.27
157,Joanna,Fenimore,jfenimore4c@answers.com,Male,221.155.91.104
158,Leontine,Immer,limmer4d@vkontakte.ru,Male,106.45.22.15
161,Linn,Arton,larton4g@earthlink.net,Male,200.198.171.248
163,Renato,Bark,rbark4i@theglobeandmail.com,Male,58.218.23.156
164,Franny,Grzeskowski,fgrzeskowski4j@cnn.com,Male,73.75.133.26
166,Selby,Gilffilland,sgilffilland4l@ow.ly,Male,141.2.109.84
170,Mano,Morde,mmorde4p@spotify.com,Male,122.250.43.84
172,Darleen,La Croce,dlacroce4r@slideshare.net,Male,212.229.18.214
174,Therine,Gosforth,tgosforth4t@mozilla.org,Male,117.142.201.144
175,Allin,Farris,afarris4u@cocolog-nifty.com,Male,31.144.161.160
178,Karylin,De La Haye,kdelahaye4x@google.es,Male,4.98.188.73
179,Jorrie,Frugier,jfrugier4y@parallels.com,Male,255.19.66.56
180,Luther,Butteris,lbutteris4z@amazon.com,Male,185.212.145.162
181,Budd,Haddy,bhaddy50@buzzfeed.com,Male,67.85.220.153
182,Giuseppe,Tumilty,gtumilty51@purevolume.com,Male,97.174.24.187
183,Livia,Ambage,lambage52@eepurl.com,Male,25.51.207.17
184,Huberto,Meharg,hmeharg53@zimbio.com,Male,66.220.199.58
187,Fransisco,Devorill,fdevorill56@bbb.org,Male,31.209.24.49
190,Emmalynne,Tregido,etregido59@delicious.com,Male,254.215.126.235
193,Carlee,Romanet,cromanet5c@narod.ru,Male,30.235.38.242
194,Reamonn,Oxshott,roxshott5d@elegantthemes.com,Male,190.47.55.212
196,Richart,Dzenisenka,rdzenisenka5f@people.com.cn,Male,84.209.72.226
197,Merle,Rigolle,mrigolle5g@mtv.com,Male,40.237.28.175
198,Irwin,Hentzer,ihentzer5h@marketwatch.com,Male,88.193.239.31
201,Dorena,Coppenhall,dcoppenhall5k@microsoft.com,Male,178.31.243.253
202,Suzie,Dabnot,sdabnot5l@sciencedirect.com,Male,107.6.133.154
203,Benyamin,Poulsen,bpoulsen5m@hud.gov,Male,11.152.142.190
204,Caroline,Heijne,cheijne5n@webmd.com,Male,206.6.4.224
205,Cross,Cockroft,ccockroft5o@dagondesign.com,Male,169.134.173.140
206,Jackelyn,Pottinger,jpottinger5p@cyberchimps.com,Male,197.247.105.61
207,Giffer,Quiddihy,gquiddihy5q@blogspot.com,Male,125.167.190.53
211,Bastien,Probat,bprobat5u@washingtonpost.com,Male,118.216.79.161
213,Gustie,Hasloch,ghasloch5w@illinois.edu,Male,177.14.130.81
215,Jennilee,Gorwood,jgorwood5y@wisc.edu,Male,115.161.208.158
217,Haywood,Jentin,hjentin60@sogou.com,Male,233.3.157.16
218,Ruperto,Tarbatt,rtarbatt61@guardian.co.uk,Male,220.1.200.181
219,Cirillo,Ellse,cellse62@cpanel.net,Male,238.216.35.13
225,Fletch,O' Culligan,foculligan68@engadget.com,Male,10.26.134.223
226,Marthena,Maharg,mmaharg69@blog.com,Male,200.235.106.242
227,Waverley,Mecchi,wmecchi6a@discuz.net,Male,100.137.1.15
228,James,Plose,jplose6b@stanford.edu,Male,196.104.147.33
230,Gerry,Pepye,gpepye6d@biblegateway.com,Male,126.48.205.71
233,Correna,Dore,cdore6g@tamu.edu,Male,80.116.32.23
235,Vite,Stopper,vstopper6i@china.com.cn,Male,111.130.112.113
236,Dominik,Cescot,dcescot6j@mtv.com,Male,110.180.98.8
237,Kyle,Huegett,khuegett6k@newyorker.com,Male,60.234.180.241
238,Willie,Kingscott,wkingscott6l@irs.gov,Male,138.1.51.217
239,Sandie,Gerckens,sgerckens6m@flavors.me,Male,211.153.186.126
241,Ingelbert,Boulds,iboulds6o@xrea.com,Male,13.82.55.225
243,Gery,Loffel,gloffel6q@spotify.com,Male,62.48.123.226
244,Lianne,Hayen,lhayen6r@arizona.edu,Male,205.213.80.53
249,Pansie,Tonna,ptonna6w@miitbeian.gov.cn,Male,79.24.175.75
250,Brok,Cossington,bcossington6x@arstechnica.com,Male,63.34.186.12
251,Shane,Scates,sscates6y@blogs.com,Male,29.232.112.244
254,Martha,Feighry,mfeighry71@bravesites.com,Male,69.240.236.14
255,Johnnie,Aristide,jaristide72@disqus.com,Male,242.207.21.43
259,Kev,Jereatt,kjereatt76@livejournal.com,Male,204.134.18.154
260,Scott,Maple,smaple77@multiply.com,Male,205.30.27.68
261,Melvin,Spadoni,mspadoni78@kickstarter.com,Male,213.232.176.196
266,Abby,Feuell,afeuell7d@wp.com,Male,93.130.93.246
267,Deina,Scatchard,dscatchard7e@ifeng.com,Male,161.11.136.25
272,Lynde,Salliss,lsalliss7j@thetimes.co.uk,Male,26.138.57.62
273,Adrien,Loffhead,aloffhead7k@wordpress.org,Male,17.146.47.104
279,Teodoor,Malletratt,tmalletratt7q@tumblr.com,Male,224.55.131.202
280,Aldrich,Fennick,afennick7r@comsenz.com,Male,101.252.114.60
282,Erastus,Chowne,echowne7t@stanford.edu,Male,166.86.230.56
285,Nickola,Le Clercq,nleclercq7w@xinhuanet.com,Male,131.140.26.36
287,Charley,Collet,ccollet7y@jiathis.com,Male,37.127.204.28
290,Archibald,Vankeev,avankeev81@state.tx.us,Male,202.201.191.83
291,Dur,Comi,dcomi82@economist.com,Male,34.32.50.41
292,Harriett,Dawtry,hdawtry83@themeforest.net,Male,242.248.208.242
293,Issi,Gibberd,igibberd84@cafepress.com,Male,216.224.147.123
298,Tibold,Cleator,tcleator89@simplemachines.org,Male,213.83.172.78
299,Rhona,Peasegood,rpeasegood8a@odnoklassniki.ru,Male,252.102.151.180
300,Cilka,Dever,cdever8b@nbcnews.com,Male,4.185.145.44
301,Stuart,Berthe,sberthe8c@msu.edu,Male,214.245.207.187
303,Wiatt,Hollyard,whollyard8e@illinois.edu,Male,71.236.61.25
304,Hollyanne,Bromwich,hbromwich8f@infoseek.co.jp,Male,57.118.149.107
305,Michael,Binnie,mbinnie8g@cisco.com,Male,159.207.21.126
306,Ximenez,Ruslen,xruslen8h@omniture.com,Male,247.43.38.174
307,Latrina,Bleue,lbleue8i@istockphoto.com,Male,111.144.43.80
310,Olenolin,Hallgarth,ohallgarth8l@bing.com,Male,193.156.87.112
311,Vivianne,Hovert,vhovert8m@google.ru,Male,1.45.60.98
313,Doy,Leachman,dleachman8o@jiathis.com,Male,49.193.242.22
315,Trisha,Sheron,tsheron8q@mail.ru,Male,33.74.121.164
316,Gonzales,Girodin,ggirodin8r@reference.com,Male,109.62.178.31
318,Duke,Caulliere,dcaulliere8t@disqus.com,Male,1.49.130.239
319,Irita,Cheal,icheal8u@joomla.org,Male,179.176.229.132
320,Peggy,Romera,promera8v@google.ru,Male,128.126.90.141
321,Stu,Bainbridge,sbainbridge8w@reddit.com,Male,199.238.227.6
323,Muhammad,Petrolli,mpetrolli8y@wikimedia.org,Male,165.166.39.53
324,Shirl,Serjent,sserjent8z@marriott.com,Male,38.114.165.248
325,Cyndie,Bowers,cbowers90@mozilla.org,Male,124.179.43.57
327,Emmie,Blunderfield,eblunderfield92@myspace.com,Male,167.2.27.68
331,Norbie,Conklin,nconklin96@blog.com,Male,84.116.205.235
335,Clair,Condon,ccondon9a@time.com,Male,254.78.230.162
337,Ronnica,O'Cullen,rocullen9c@friendfeed.com,Male,196.245.237.15
338,Erny,Adcocks,eadcocks9d@home.pl,Male,229.14.61.246
339,Sonnnie,Whetnell,swhetnell9e@go.com,Male,114.2.157.43
340,Sorcha,Jorin,sjorin9f@wordpress.org,Male,118.254.41.237
341,Horatia,Muck,hmuck9g@cbslocal.com,Male,145.244.110.81
342,Cordie,Jimpson,cjimpson9h@slideshare.net,Male,15.12.76.21
343,Marwin,Frail,mfrail9i@devhub.com,Male,205.92.143.137
344,Lynette,Harrigan,lharrigan9j@npr.org,Male,15.251.224.72
346,Puff,Jagiela,pjagiela9l@sfgate.com,Male,77.248.191.14
347,Jesselyn,Bracknall,jbracknall9m@biblegateway.com,Male,165.27.82.72
348,Anya,Scarrott,ascarrott9n@geocities.com,Male,159.122.42.4
349,Ewart,Garmston,egarmston9o@prlog.org,Male,120.237.52.246
351,Ritchie,Seppey,rseppey9q@techcrunch.com,Male,234.253.11.61
352,Iormina,Shuker,ishuker9r@google.de,Male,10.39.179.120
353,Noell,Kernoghan,nkernoghan9s@soundcloud.com,Male,69.202.169.100
354,Clementius,Symmons,csymmons9t@webmd.com,Male,232.69.110.177
355,Ciro,McTaggart,cmctaggart9u@clickbank.net,Male,77.195.148.188
356,Jamill,Miskimmon,jmiskimmon9v@furl.net,Male,0.14.102.54
360,Torie,Mathiassen,tmathiassen9z@sourceforge.net,Male,198.156.248.251
363,Tiffani,Meckiff,tmeckiffa2@cnbc.com,Male,80.12.203.225
364,Arley,Murrock,amurrocka3@uol.com.br,Male,226.157.192.146
365,Krystle,Standley,kstandleya4@jimdo.com,Male,120.59.123.190
366,Natasha,Caplen,ncaplena5@linkedin.com,Male,224.109.74.248
367,Caz,Stapells,cstapellsa6@ning.com,Male,34.204.233.112
368,Moss,Stear,msteara7@cargocollective.com,Male,70.179.110.116
372,Cori,Schnieder,cschniederab@de.vu,Male,8.37.215.87
375,Kissie,Jirus,kjirusae@alexa.com,Male,98.169.57.5
376,Krystle,Body,kbodyaf@boston.com,Male,235.20.34.178
377,Algernon,Truter,atruterag@ezinearticles.com,Male,215.69.17.79
379,Inessa,Ciottoi,iciottoiai@ihg.com,Male,32.105.152.105
380,Karena,Melonby,kmelonbyaj@opensource.org,Male,115.185.43.78
381,Corabella,Parish,cparishak@washington.edu,Male,39.185.83.40
383,Mitchell,Stivani,mstivaniam@bigcartel.com,Male,124.229.225.249
384,Adler,Cammoile,acammoilean@google.co.jp,Male,220.165.169.148
387,Sheff,Seiffert,sseiffertaq@dailymotion.com,Male,253.173.25.171
388,Christy,Bartosek,cbartosekar@skype.com,Male,78.5.195.80
389,Dennie,Trussman,dtrussmanas@toplist.cz,Male,94.165.142.246
390,Robbin,Offer,rofferat@github.io,Male,250.125.248.29
393,Tripp,Lamming,tlammingaw@toplist.cz,Male,159.178.231.13
398,Lesli,Oaks,loaksb1@bbc.co.uk,Male,0.232.96.226
399,Andrew,Cornfield,acornfieldb2@delicious.com,Male,99.68.225.100
400,Tonia,Lamb,tlambb3@gov.uk,Male,34.88.126.28
403,Domeniga,Leney,dleneyb6@vkontakte.ru,Male,129.78.78.188
407,Consolata,Bouldstridge,cbouldstridgeba@miitbeian.gov.cn,Male,188.147.248.18
409,Miner,Mogie,mmogiebc@baidu.com,Male,184.202.130.155
410,Roselia,Tresise,rtresisebd@bloglines.com,Male,144.81.35.82
412,Bibi,Tankin,btankinbf@disqus.com,Male,153.86.156.165
413,Duff,Greenlies,dgreenliesbg@tinyurl.com,Male,186.110.81.190
422,Arda,Memmory,amemmorybp@shinystat.com,Male,193.37.10.36
423,Maribel,Fishpond,mfishpondbq@yolasite.com,Male,52.202.126.184
425,Lydon,Klees,lkleesbs@wsj.com,Male,241.246.112.190
427,Kirk,Antonio,kantoniobu@clickbank.net,Male,227.189.211.166
428,Stevena,Legh,sleghbv@google.com.au,Male,90.125.186.127
429,Bryanty,Kniveton,bknivetonbw@mtv.com,Male,78.126.103.236
433,Shaw,Browett,sbrowettc0@vistaprint.com,Male,176.28.40.3
434,Melli,McKellen,mmckellenc1@economist.com,Male,88.212.57.131
435,Nickie,Broxton,nbroxtonc2@google.co.jp,Male,13.41.34.158
436,Meryl,Kumaar,mkumaarc3@de.vu,Male,224.42.54.158
438,Kirsten,Liddy,kliddyc5@blogtalkradio.com,Male,46.192.36.95
439,Erinna,MacAnulty,emacanultyc6@networksolutions.com,Male,80.140.243.209
441,Evanne,Swadden,eswaddenc8@independent.co.uk,Male,3.234.102.134
446,Athene,Bickerdike,abickerdikecd@europa.eu,Male,24.116.198.21
448,Olympe,Heaysman,oheaysmancf@bloglovin.com,Male,56.161.245.203
450,Mohandas,Dobney,mdobneych@opensource.org,Male,179.225.180.190
452,Rabi,Gohier,rgohiercj@elegantthemes.com,Male,212.165.202.44
453,Felike,Miles,fmilesck@noaa.gov,Male,43.43.112.203
454,Martie,Henriksson,mhenrikssoncl@princeton.edu,Male,108.133.117.197
455,Alfie,Nuemann,anuemanncm@berkeley.edu,Male,92.27.44.25
458,Bernete,Lydford,blydfordcp@accuweather.com,Male,112.243.81.226
459,Faythe,Boutellier,fboutelliercq@skype.com,Male,99.209.4.139
460,Kandy,Poure,kpourecr@flickr.com,Male,123.16.213.184
461,Jose,Rapley,jrapleycs@globo.com,Male,32.58.222.134
462,Gonzales,Chat,gchatct@va.gov,Male,223.119.171.247
464,Ashby,Abramovici,aabramovicicv@economist.com,Male,133.30.122.98
465,Kessiah,Eakin,keakincw@printfriendly.com,Male,168.157.5.11
467,Torrie,Crone,tcronecy@nifty.com,Male,57.28.189.121
468,Aguistin,Rankling,aranklingcz@gravatar.com,Male,34.58.186.192
470,Tisha,Yansons,tyansonsd1@ftc.gov,Male,147.244.115.254
475,Tiffanie,Grinyer,tgrinyerd6@msn.com,Male,221.194.165.118
477,Lyndell,Goodger,lgoodgerd8@is.gd,Male,206.113.109.112
479,Adriane,Mulchrone,amulchroneda@pbs.org,Male,14.77.214.237
484,Tedmund,Hobell,thobelldf@ning.com,Male,30.156.209.34
485,Perry,Carver,pcarverdg@parallels.com,Male,149.184.6.208
486,Arte,Bigglestone,abigglestonedh@newyorker.com,Male,170.81.193.213
487,Melinda,Evison,mevisondi@hugedomains.com,Male,35.92.238.217
489,Raquel,Van Cassel,rvancasseldk@feedburner.com,Male,154.240.43.238
491,Harry,Crane,hcranedm@chicagotribune.com,Male,162.42.219.128
493,Rianon,Twine,rtwinedo@istockphoto.com,Male,36.198.89.130
494,Hanna,Redmond,hredmonddp@nsw.gov.au,Male,181.49.40.196
496,Nerty,Greenrod,ngreenroddr@dailymail.co.uk,Male,79.247.38.202
497,Fredi,Cogan,fcogands@google.it,Male,58.145.201.245
500,Sisely,Cleal,sclealdv@china.com.cn,Male,64.50.191.204
504,Laurence,Worland,lworlanddz@jiathis.com,Male,117.58.192.168
505,Michale,Crates,mcratese0@imageshack.us,Male,177.69.97.69
506,Hazlett,Bleibaum,hbleibaume1@multiply.com,Male,94.68.8.165
507,Rollie,Kaveney,rkaveneye2@salon.com,Male,56.57.101.47
511,Isabelle,Ubee,iubeee6@jimdo.com,Male,44.64.9.79
513,Valera,Caldera,vcalderae8@bluehost.com,Male,38.84.224.83
515,Reed,McGuire,rmcguireea@yelp.com,Male,217.249.105.34
519,Roana,Lody,rlodyee@creativecommons.org,Male,129.125.81.212
520,Melisa,Hofler,mhofleref@fema.gov,Male,31.120.239.18
521,Blinni,Roscam,broscameg@friendfeed.com,Male,1.157.239.141
523,Carol-jean,McGuggy,cmcguggyei@cam.ac.uk,Male,176.41.238.171
526,Tabbi,Adie,tadieel@amazon.de,Male,37.195.178.248
527,Livvy,Pancost,lpancostem@1688.com,Male,150.103.184.92
528,Alberta,Lorden,alordenen@about.me,Male,139.220.119.225
529,Nichole,Grzeszczak,ngrzeszczakeo@theatlantic.com,Male,209.97.123.5
531,Ashton,Shoebotham,ashoebothameq@washingtonpost.com,Male,95.206.87.215
534,Clementius,Astman,castmanet@mozilla.org,Male,222.250.29.26
535,Carolee,Frany,cfranyeu@irs.gov,Male,45.70.238.44
537,Nara,Dealtry,ndealtryew@ca.gov,Male,16.135.239.108
538,Marthena,Symonds,msymondsex@altervista.org,Male,241.50.151.190
540,Whit,Wincott,wwincottez@sciencedaily.com,Male,195.219.75.67
541,Damon,Leith-Harvey,dleithharveyf0@upenn.edu,Male,247.48.75.130
543,Paolina,Blinde,pblindef2@hibu.com,Male,72.175.65.111
544,Cheslie,Merryweather,cmerryweatherf3@nature.com,Male,27.82.139.157
545,Deedee,Insley,dinsleyf4@hugedomains.com,Male,27.250.84.49
546,Ruy,Royden,rroydenf5@ustream.tv,Male,71.151.4.166
549,Yoshiko,Cairney,ycairneyf8@i2i.jp,Male,121.59.164.115
553,Jarad,Lappin,jlappinfc@studiopress.com,Male,76.169.81.214
555,Patty,Dimblebee,pdimblebeefe@last.fm,Male,19.78.212.177
559,Lucie,Egger,leggerfi@cisco.com,Male,62.161.123.109
560,Felice,Trimming,ftrimmingfj@qq.com,Male,70.211.140.110
561,Lara,Gilstoun,lgilstounfk@vimeo.com,Male,24.195.212.53
562,Ban,Formoy,bformoyfl@reddit.com,Male,20.40.39.84
565,Eyde,Mylan,emylanfo@photobucket.com,Male,145.181.210.71
566,Marlyn,Pickerill,mpickerillfp@cdc.gov,Male,198.8.38.132
568,Dela,Larmett,dlarmettfr@kickstarter.com,Male,150.74.163.156
569,Webb,Gillespie,wgillespiefs@reuters.com,Male,95.16.82.95
572,Guido,Gives,ggivesfv@opera.com,Male,41.253.57.75
575,Tynan,Misken,tmiskenfy@histats.com,Male,120.214.35.182
576,Roanna,Latek,rlatekfz@instagram.com,Male,29.196.156.215
577,Tanhya,Cosely,tcoselyg0@cdbaby.com,Male,193.109.6.221
579,Russell,Borthwick,rborthwickg2@google.fr,Male,43.50.156.63
580,Karlene,Gillivrie,kgillivrieg3@state.tx.us,Male,110.73.219.181
585,Adolf,Matches,amatchesg8@globo.com,Male,143.42.140.234
586,Madelin,Escolme,mescolmeg9@dropbox.com,Male,13.213.45.13
587,Sylas,Tebboth,stebbothga@facebook.com,Male,77.29.210.20
590,Arlette,Kynd,akyndgd@examiner.com,Male,197.198.18.33
594,Dick,Messier,dmessiergh@latimes.com,Male,229.134.137.189
596,Dory,Placstone,dplacstonegj@comcast.net,Male,215.0.61.28
597,Irwinn,Iacoviello,iiacoviellogk@4shared.com,Male,211.160.137.219
598,Chaim,Bidwell,cbidwellgl@nbcnews.com,Male,185.64.6.149
599,Caresa,Realph,crealphgm@altervista.org,Male,98.197.145.145
603,Tiebout,Locks,tlocksgq@dailymail.co.uk,Male,70.252.255.67
605,Dore,McPike,dmcpikegs@sohu.com,Male,50.44.141.157
606,Arleyne,Rubinivitz,arubinivitzgt@reuters.com,Male,30.143.114.43
608,Kellen,McCullagh,kmccullaghgv@bloglines.com,Male,87.109.64.125
610,Druci,Damiata,ddamiatagx@lycos.com,Male,66.138.110.236
611,Candi,Fidele,cfidelegy@elegantthemes.com,Male,226.161.145.157
612,Ellynn,Albert,ealbertgz@ca.gov,Male,142.57.42.181
613,Marielle,Thieme,mthiemeh0@tumblr.com,Male,126.195.60.3
614,Antonin,Krolak,akrolakh1@china.com.cn,Male,221.255.63.71
615,Stearn,Pavlishchev,spavlishchevh2@youku.com,Male,103.207.2.226
616,Gerick,Boanas,gboanash3@jimdo.com,Male,160.193.5.94
619,Bastien,Rangeley,brangeleyh6@gizmodo.com,Male,83.120.30.26
620,Karlen,Vose,kvoseh7@naver.com,Male,154.65.141.177
621,Jerri,Frantzeni,jfrantzenih8@wired.com,Male,202.196.226.178
622,Ermin,Ablott,eablotth9@google.com.hk,Male,157.184.9.193
623,Berke,Eakens,beakensha@prlog.org,Male,122.107.61.34
624,Chelsae,Stiddard,cstiddardhb@wufoo.com,Male,128.199.49.177
626,Arne,Girk,agirkhd@ox.ac.uk,Male,175.69.150.91
631,Freemon,Rotherforth,frotherforthhi@mashable.com,Male,141.206.61.23
633,Eilis,Jankin,ejankinhk@aboutads.info,Male,246.75.171.79
634,Valaree,Toopin,vtoopinhl@so-net.ne.jp,Male,66.145.156.52
637,Myranda,Fennell,mfennellho@sfgate.com,Male,39.111.164.73
639,Mirabelle,Danahar,mdanaharhq@google.es,Male,182.179.253.181
640,Cesare,Donoher,cdonoherhr@examiner.com,Male,247.21.175.160
642,Otes,Grizard,ogrizardht@storify.com,Male,233.110.222.52
651,Daven,Harpur,dharpuri2@ox.ac.uk,Male,72.169.164.232
652,Britni,Sendall,bsendalli3@last.fm,Male,122.2.188.182
655,Eduardo,Staneland,estanelandi6@ucoz.com,Male,173.98.189.220
657,Kathi,Pomfrett,kpomfretti8@noaa.gov,Male,118.243.229.11
658,Kevon,Arnli,karnlii9@tuttocitta.it,Male,174.136.31.162
659,Evonne,Mulcaster,emulcasteria@cloudflare.com,Male,221.76.81.169
660,Duane,Biasi,dbiasiib@infoseek.co.jp,Male,41.131.121.91
661,Aldridge,Orrocks,aorrocksic@exblog.jp,Male,242.125.59.124
662,Sharia,Benedicto,sbenedictoid@wikimedia.org,Male,61.109.80.120
664,Hendrick,Tant,htantif@dailymotion.com,Male,193.137.181.239
665,Annadiane,Oleshunin,aoleshuninig@elpais.com,Male,238.147.210.50
669,Christie,Gordon,cgordonik@tripod.com,Male,91.61.225.252
670,Benetta,Mapplebeck,bmapplebeckil@wordpress.org,Male,30.233.26.10
673,Terence,Hammerberg,thammerbergio@businesswire.com,Male,41.150.207.90
675,Aloisia,Fillgate,afillgateiq@archive.org,Male,22.232.107.159
676,Orson,Hoofe,ohoofeir@shutterfly.com,Male,131.109.34.104
678,Barbabra,Bagguley,bbagguleyit@icio.us,Male,77.200.219.135
680,Dannel,Pyecroft,dpyecroftiv@woothemes.com,Male,166.183.229.102
681,Rustin,Uccelli,ruccelliiw@google.cn,Male,44.93.108.44
685,Grethel,Greenan,ggreenanj0@rediff.com,Male,161.62.229.84
686,Fan,Colling,fcollingj1@exblog.jp,Male,66.136.106.70
687,Angy,Bickersteth,abickerstethj2@behance.net,Male,234.96.144.231
688,Cindee,Rickerd,crickerdj3@java.com,Male,181.9.110.0
690,Hannah,Haselhurst,hhaselhurstj5@jimdo.com,Male,186.110.17.55
691,Kyle,Dinzey,kdinzeyj6@nps.gov,Male,74.153.104.31
692,Pierce,Lebourn,plebournj7@delicious.com,Male,132.78.17.209
693,Fax,Sturman,fsturmanj8@abc.net.au,Male,48.123.1.244
694,Dayle,Mickleburgh,dmickleburghj9@tmall.com,Male,74.251.217.165
695,Ellette,Mordin,emordinja@si.edu,Male,224.22.56.89
696,Tobin,Debrick,tdebrickjb@cmu.edu,Male,12.179.182.44
697,Robbie,Baselli,rbasellijc@hibu.com,Male,85.50.38.184
698,Franny,Fearnehough,ffearnehoughjd@nifty.com,Male,181.162.0.178
699,Andree,Burney,aburneyje@youtu.be,Male,83.82.239.8
704,Ginger,Trowsdall,gtrowsdalljj@g.co,Male,224.160.75.221
705,Launce,Blacklawe,lblacklawejk@newyorker.com,Male,66.62.178.92
706,Florentia,Worts,fwortsjl@opensource.org,Male,253.212.37.249
709,Coral,Veschambes,cveschambesjo@blogspot.com,Male,172.12.48.141
711,Osbourn,Burdis,oburdisjq@yellowpages.com,Male,50.33.72.150
712,Zared,Hatfull,zhatfulljr@domainmarket.com,Male,87.84.223.87
714,Hieronymus,Boote,hbootejt@craigslist.org,Male,32.203.172.23
715,Daria,Vickar,dvickarju@blogger.com,Male,125.103.243.240
716,Gaven,Mac Giany,gmacgianyjv@sitemeter.com,Male,6.59.170.212
717,Selestina,Mitroshinov,smitroshinovjw@buzzfeed.com,Male,128.156.35.219
718,Kacy,Nijssen,knijssenjx@de.vu,Male,22.243.240.197
720,Adela,Willshaw,awillshawjz@slate.com,Male,162.130.101.68
721,Ardra,Mulcaster,amulcasterk0@mediafire.com,Male,187.228.199.248
724,Magda,Johns,mjohnsk3@sakura.ne.jp,Male,50.107.77.218
725,Marc,Yarnell,myarnellk4@unicef.org,Male,221.71.65.246
727,Fedora,Frangello,ffrangellok6@ted.com,Male,251.148.26.4
729,Andreana,Pinnell,apinnellk8@cam.ac.uk,Male,54.77.56.110
731,Elyse,Verecker,evereckerka@ucsd.edu,Male,107.61.252.151
732,Robyn,Snoddy,rsnoddykb@privacy.gov.au,Male,254.217.140.123
734,Byrann,Sanford,bsanfordkd@cbc.ca,Male,71.70.122.143
735,Umberto,Longmaid,ulongmaidke@sciencedaily.com,Male,197.72.248.62
737,Shanna,Simester,ssimesterkg@wsj.com,Male,28.70.15.5
738,Neddy,Campaigne,ncampaignekh@answers.com,Male,51.12.199.141
745,Darcee,Rizzardo,drizzardoko@yolasite.com,Male,33.8.171.246
750,Liuka,Jendrassik,ljendrassikkt@angelfire.com,Male,223.250.28.215
756,Meridel,MacGaughie,mmacgaughiekz@washingtonpost.com,Male,190.53.229.126
757,Karlotte,Sherewood,ksherewoodl0@gravatar.com,Male,174.68.150.10
759,Latia,Tickle,lticklel2@canalblog.com,Male,117.184.23.87
760,Lucy,Giacomasso,lgiacomassol3@google.it,Male,208.117.13.35
761,Lisbeth,Gamble,lgamblel4@weibo.com,Male,51.226.74.167
762,Davina,Skingle,dskinglel5@harvard.edu,Male,128.25.169.158
765,Layne,Pellington,lpellingtonl8@omniture.com,Male,94.250.215.208
766,Christoper,O'Sirin,cosirinl9@ed.gov,Male,180.5.91.40
768,Annecorinne,Hanbridge,ahanbridgelb@linkedin.com,Male,137.176.167.193
770,Shurlocke,Uman,sumanld@opensource.org,Male,126.180.61.65
771,Melanie,Longridge,mlongridgele@deviantart.com,Male,179.154.136.57
772,Burgess,Lorenzin,blorenzinlf@blogspot.com,Male,238.212.74.108
773,Cayla,Limmer,climmerlg@economist.com,Male,242.246.183.149
775,Carry,Jordanson,cjordansonli@t.co,Male,244.217.163.232
776,Jerrie,de Leon,jdeleonlj@webeden.co.uk,Male,53.125.62.143
778,Marya,Eldredge,meldredgell@pinterest.com,Male,175.101.86.49
779,Mace,Masser,mmasserlm@privacy.gov.au,Male,119.120.108.166
780,Sybyl,Sherburn,ssherburnln@bluehost.com,Male,109.251.2.4
781,Jeno,Dews,jdewslo@indiatimes.com,Male,172.230.253.204
787,Lynett,Stewart,lstewartlu@ft.com,Male,62.230.89.232
788,Shurwood,Trenfield,strenfieldlv@sina.com.cn,Male,85.59.14.126
791,Berny,McGreary,bmcgrearyly@ovh.net,Male,85.91.44.236
792,Curt,Uman,cumanlz@reuters.com,Male,44.194.28.99
793,Grissel,Keerl,gkeerlm0@netscape.com,Male,93.151.14.216
795,Ange,McNuff,amcnuffm2@unesco.org,Male,33.88.83.10
796,Doralynne,Brommage,dbrommagem3@surveymonkey.com,Male,83.226.19.103
797,Eddy,Ratchford,eratchfordm4@nsw.gov.au,Male,89.159.126.51
799,Jean,Cordaroy,jcordaroym6@yandex.ru,Male,239.149.23.41
801,Lynette,Millea,lmilleam8@army.mil,Male,56.61.106.116
802,Adeline,Glavin,aglavinm9@tinyurl.com,Male,204.249.49.237
803,Debbi,Basant,dbasantma@live.com,Male,155.184.33.177
804,Remus,Guerreiro,rguerreiromb@twitter.com,Male,142.56.222.141
805,Emera,Teasdale-Markie,eteasdalemarkiemc@so-net.ne.jp,Male,99.237.197.54
807,Aura,Kleinert,akleinertme@newsvine.com,Male,169.235.240.205
810,Nealon,Cosgrave,ncosgravemh@mozilla.org,Male,100.3.163.186
811,Lurlene,Windrum,lwindrummi@oakley.com,Male,34.193.70.17
813,Rogers,Drewitt,rdrewittmk@diigo.com,Male,31.159.55.238
815,Phillip,Haworth,phaworthmm@huffingtonpost.com,Male,187.91.27.50
817,Shari,Barajas,sbarajasmo@google.fr,Male,74.111.3.39
818,Derron,Daintrey,ddaintreymp@mail.ru,Male,138.46.223.102
819,Joice,Chaperlin,jchaperlinmq@baidu.com,Male,56.167.188.197
822,Beatrisa,Laweles,blawelesmt@hugedomains.com,Male,170.125.239.200
823,Josey,Novello,jnovellomu@facebook.com,Male,14.81.102.73
826,Alisander,Hayworth,ahayworthmx@springer.com,Male,119.116.87.218
829,Karim,Manis,kmanisn0@netvibes.com,Male,78.254.114.247
831,Gerti,Jakobssen,gjakobssenn2@google.co.uk,Male,29.55.54.158
832,Marabel,Cato,mcaton3@infoseek.co.jp,Male,119.189.120.223
833,Babette,Ewens,bewensn4@businessinsider.com,Male,189.13.119.142
838,Gisella,Thowes,gthowesn9@theguardian.com,Male,134.18.232.67
839,Nerissa,Grantham,ngranthamna@smh.com.au,Male,63.139.108.217
840,Chlo,Norvill,cnorvillnb@slideshare.net,Male,109.173.1.127
842,Englebert,Tantum,etantumnd@usatoday.com,Male,24.254.227.186
844,Alidia,Spriddle,aspriddlenf@blog.com,Male,109.61.126.79
846,Angie,Aylin,aaylinnh@instagram.com,Male,169.174.216.226
847,Jamill,Lghan,jlghanni@nationalgeographic.com,Male,101.167.28.2
848,Nolie,Coughlan,ncoughlannj@whitehouse.gov,Male,76.177.187.118
851,Mathilde,Van Son,mvansonnm@huffingtonpost.com,Male,50.248.58.73
852,Costanza,Gwyn,cgwynnn@yellowpages.com,Male,222.189.79.36
854,Marcie,Moline,mmolinenp@1und1.de,Male,176.167.55.255
855,Jeremie,Domegan,jdomegannq@google.co.uk,Male,46.104.59.231
856,Darren,McGrane,dmcgranenr@netlog.com,Male,42.145.136.117
859,Christine,Jepson,cjepsonnu@goodreads.com,Male,54.125.190.246
860,Eliza,Escudier,eescudiernv@wunderground.com,Male,90.215.79.179
864,Mab,Doy,mdoynz@google.com.hk,Male,105.52.241.5
865,Vallie,Coonan,vcoonano0@vistaprint.com,Male,255.251.19.48
867,Brewer,Brimman,bbrimmano2@blogs.com,Male,26.19.57.133
868,Norah,Lyford,nlyfordo3@hubpages.com,Male,186.244.74.39
869,Kameko,Leese,kleeseo4@toplist.cz,Male,185.201.194.238
870,Victoria,Hargreave,vhargreaveo5@vinaora.com,Male,127.166.253.88
872,Tobe,Lennon,tlennono7@ehow.com,Male,145.169.22.1
873,Charita,Giacovazzo,cgiacovazzoo8@wired.com,Male,134.126.26.20
874,Adriaens,Darkin,adarkino9@sciencedaily.com,Male,70.79.133.70
876,Julianna,Merman,jmermanob@live.com,Male,226.199.22.16
877,Alexandros,Fassbender,afassbenderoc@1und1.de,Male,13.5.22.125
883,Michelle,Bance,mbanceoi@gizmodo.com,Male,231.189.93.233
885,Nero,Cornuau,ncornuauok@msu.edu,Male,3.110.148.11
886,Lindy,Waldram,lwaldramol@pcworld.com,Male,3.231.236.161
887,Coleen,Kilmurry,ckilmurryom@mozilla.com,Male,7.98.251.60
888,Dermot,Stodhart,dstodharton@kickstarter.com,Male,200.206.55.104
889,Iain,Mularkey,imularkeyoo@hud.gov,Male,218.150.216.94
890,Boris,Rassmann,brassmannop@t-online.de,Male,241.147.124.13
891,Inger,Stoggell,istoggelloq@reddit.com,Male,9.166.212.57
892,Ailene,Willment,awillmentor@simplemachines.org,Male,239.202.204.233
893,Meghan,Rainey,mraineyos@posterous.com,Male,27.29.144.199
894,Trudie,Maffy,tmaffyot@npr.org,Male,223.197.59.84
897,Alta,Midghall,amidghallow@tmall.com,Male,214.119.137.231
900,Morena,Mussalli,mmussallioz@sourceforge.net,Male,224.25.79.16
901,Fianna,Chippin,fchippinp0@china.com.cn,Male,205.60.227.204
903,Doria,Pierrepont,dpierrepontp2@mapquest.com,Male,19.16.191.119
906,Didi,Salling,dsallingp5@thetimes.co.uk,Male,66.190.88.20
907,Bevvy,Sorro,bsorrop6@rediff.com,Male,210.187.77.152
908,Lyssa,Crass,lcrassp7@huffingtonpost.com,Male,11.51.177.207
909,Hillier,Vannar,hvannarp8@linkedin.com,Male,216.82.28.43
916,Claus,Peris,cperispf@blinklist.com,Male,53.129.156.169
917,Rab,Igglesden,rigglesdenpg@comcast.net,Male,205.45.206.219
918,Gilberte,Gair,ggairph@drupal.org,Male,255.136.28.128
919,Agnola,Armand,aarmandpi@prweb.com,Male,241.114.80.11
920,Rhoda,Jump,rjumppj@csmonitor.com,Male,186.224.135.132
924,Meade,Gurney,mgurneypn@house.gov,Male,189.162.13.101
925,Shauna,Morrad,smorradpo@privacy.gov.au,Male,163.207.211.77
927,Diahann,Cluett,dcluettpq@tumblr.com,Male,84.251.87.236
928,Katerina,Bremen,kbremenpr@yolasite.com,Male,78.129.39.33
929,Sybila,Vasin,svasinps@topsy.com,Male,13.143.80.128
930,Tammie,Dzeniskevich,tdzeniskevichpt@businessweek.com,Male,151.145.108.88
931,Ruthi,Lowdyane,rlowdyanepu@printfriendly.com,Male,252.91.141.186
934,Evangelin,Denyagin,edenyaginpx@360.cn,Male,11.249.170.73
935,Gearalt,Teresi,gteresipy@netvibes.com,Male,42.13.15.229
938,Corney,Base,cbaseq1@github.io,Male,10.26.245.212
940,Sheri,Marple,smarpleq3@goo.ne.jp,Male,93.178.203.195
942,Atalanta,Coursor,acoursorq5@pinterest.com,Male,71.127.146.251
944,Arielle,Filipczynski,afilipczynskiq7@mail.ru,Male,41.118.204.211
945,Bernarr,Cornick,bcornickq8@ibm.com,Male,131.96.210.99
948,Letti,Matieu,lmatieuqb@a8.net,Male,177.18.251.243
953,Hazel,Acutt,hacuttqg@bizjournals.com,Male,3.93.179.26
955,Massimiliano,Sprouls,msproulsqi@clickbank.net,Male,178.81.229.52
957,Hyacinthia,Beckham,hbeckhamqk@opensource.org,Male,82.187.196.51
958,Davina,Adshad,dadshadql@netvibes.com,Male,138.212.104.120
959,Bobbie,Mattiato,bmattiatoqm@sitemeter.com,Male,6.210.89.40
961,Tate,Fennick,tfennickqo@ocn.ne.jp,Male,210.119.229.78
962,Salomone,Gellier,sgellierqp@google.es,Male,111.138.159.1
964,Ronald,Sherborne,rsherborneqr@irs.gov,Male,9.160.248.130
965,Miller,Cheke,mchekeqs@diigo.com,Male,131.129.117.239
969,Sax,Duinbleton,sduinbletonqw@baidu.com,Male,165.29.108.141
970,Alic,Swainger,aswaingerqx@unicef.org,Male,201.52.104.108
972,Ashlee,Gherardini,agherardiniqz@ameblo.jp,Male,33.139.201.253
974,Gun,Threader,gthreaderr1@trellian.com,Male,178.90.123.252
975,Kyle,Chatel,kchatelr2@unc.edu,Male,230.228.103.200
976,Shay,Mahood,smahoodr3@sun.com,Male,29.236.167.133
977,Nataniel,Folkard,nfolkardr4@ucsd.edu,Male,172.120.245.55
980,Penrod,Kenner,pkennerr7@sun.com,Male,158.92.89.182
983,Hortense,Jantet,hjantetra@typepad.com,Male,93.214.111.92
984,Philippine,Lantuffe,plantufferb@slashdot.org,Male,253.218.216.226
985,Timmy,Elgram,telgramrc@ucsd.edu,Male,234.24.154.2
987,Evelina,Etherington,eetheringtonre@alibaba.com,Male,146.202.31.219
988,Bonita,Huxtable,bhuxtablerf@jimdo.com,Male,47.57.131.71
991,Emilie,Creffeild,ecreffeildri@bloglines.com,Male,238.112.129.46
994,Rayna,Attoc,rattocrl@shareasale.com,Male,152.250.156.187
996,Raychel,Conningham,rconninghamrn@techcrunch.com,Male,78.178.206.9
997,Jimmie,Oglesbee,joglesbeero@umn.edu,Male,19.189.182.159
998,Alanah,Tweedy,atweedyrp@twitter.com,Male,9.134.192.162
1000,Audre,Saxby,asaxbyrr@wordpress.com,Male,50.102.186.233
